PassengerId,Survived,Pclass,Name,Sex,Age,SibSp,Parch,Ticket,Fare,Cabin,Embarked
1,1,2,"White, Mrs. Margaret",female,58.0,0,0,151753,18.4241,,S
2,1,3,"Johnson, Mrs. Margaret",female,17.7,0,2,148056,6.2292,E13,S
3,0,3,"Taylor, Mr. Alfred",male,33.9,0,0,168651,7.8788,,C
4,1,3,"Wilson, Mrs. Elizabeth",female,28.6,0,0,887242,14.0253,A1,S
5,0,1,"Jones, Mr. James",male,56.2,2,0,244347,53.5454,,S
6,0,1,"Jones, Mr. Henry",male,,1,0,720293,56.7662,,S
7,1,1,"Smith, Miss. Helen",female,38.4,4,0,430615,268.7672,,Q
8,0,3,"Williams, Col. Henry",male,16.0,0,1,696841,7.7512,,S
9,0,3,"Harris, Mr. Robert",male,30.5,4,0,10944,5.9455,,S
10,1,3,"Jones, Col. Robert",male,16.9,0,0,628281,12.0411,,S
11,0,1,"Jackson, Mr. Alfred",male,66.2,0,0,281258,70.86,,C
12,0,3,"Smith, Mr. Thomas",male,26.6,0,3,836278,4.0763,,S
13,0,3,"Williams, Mr. Charles",male,20.6,0,0,749026,13.742,,S
14,1,1,"Jackson, Col. John",male,40.6,1,0,218920,43.688,,S
15,1,1,"Miller, Mrs. Ethel",female,19.1,0,0,266805,75.983,,S
16,0,1,"Jackson, Lady. Alice",female,24.4,0,0,304740,70.267,,C
17,1,2,"Jones, Rev. Henry",male,45.6,0,0,638375,19.9263,,C
18,0,3,"Wilson, Col. John",male,,0,0,803339,2.7304,F34,S
19,0,2,"Davis, Rev. Frederick",male,16.4,0,1,265035,15.8943,,S
20,0,2,"Jones, Mr. Thomas",male,37.0,0,0,169186,28.5009,A25,S
21,0,3,"Taylor, Rev. James",male,39.2,1,1,821441,15.3747,,S
22,1,1,"Anderson, Rev. George",male,48.1,1,0,356990,36.822,,S
23,1,2,"Taylor, Dr. Charles",male,42.9,0,0,846673,26.2651,,S
24,0,2,"Wilson, Col. Thomas",male,20.2,0,0,701085,13.4023,,S
25,0,3,"White, Mr. Frederick",male,7.9,0,0,815428,6.7716,,S
26,0,3,"Anderson, Mr. Alfred",male,43.0,1,0,409263,6.9519,,Q
27,1,1,"Williams, Lady. Ethel",female,,0,0,300911,79.5322,E96,C
28,1,3,"Johnson, Mrs. Edith",female,22.0,0,0,288491,13.4729,,Q
29,0,3,"Davis, Mr. Frederick",male,40.9,0,0,112063,9.3212,,S
30,1,1,"Anderson, Mrs. Sarah",female,,0,6,558390,67.4717,D86,Q
31,0,3,"Wilson, Mr. James",male,30.5,0,0,538551,13.2455,,S
32,1,1,"Wilson, Mrs. Mary",female,68.3,1,2,380729,42.0196,,S
33,1,1,"Miller, Dr. Edith",female,29.0,0,0,77438,69.8219,,C
34,0,3,"Williams, Dr. Joseph",male,,0,0,106359,13.4354,,S
35,0,3,"Brown, Col. Robert",male,25.7,1,0,433756,10.6403,,S
36,0,3,"White, Mr. Charles",male,28.2,1,0,664539,6.4679,,S
37,0,2,"Johnson, Mr. Joseph",male,49.9,0,0,504087,9.9226,,S
38,0,1,"Johnson, Mr. Alfred",male,45.1,0,0,478942,91.6155,,S
39,0,3,"Anderson, Dr. Frederick",male,31.5,0,2,466985,3.7086,,S
40,0,2,"Anderson, Mr. Edward",male,,2,1,706203,16.6932,D124,C
41,1,1,"White, Dr. Ethel",female,32.9,0,0,37690,168.2185,F18,S
42,0,3,"Taylor, Lady. Annie",female,14.9,2,0,537282,11.0053,,S
43,0,1,"Jackson, Dr. William",male,23.4,1,0,113533,17.8757,,S
44,0,3,"Taylor, Rev. Robert",male,1.4,0,0,77546,9.0271,A135,S
45,0,2,"Anderson, Mr. William",male,56.7,0,0,410593,15.9959,,Q
46,0,3,"Brown, Rev. Henry",male,11.8,0,2,350716,4.3195,F59,S
47,1,2,"Wilson, Miss. Annie",female,27.1,0,0,560755,20.7804,,S
48,0,3,"Wilson, Mr. Henry",male,21.7,0,0,780878,6.3861,,S
49,0,3,"Anderson, Mr. Edward",male,28.7,0,0,665408,6.406,G74,S
50,0,1,"Jackson, Mr. Henry",male,49.4,4,0,178050,80.3853,,S
51,0,3,"Thomas, Col. Alfred",male,35.3,0,0,519082,5.9719,,S
52,0,3,"White, Dr. Elizabeth",female,18.0,1,0,523672,8.5666,,S
53,1,3,"Wilson, Miss. Mary",female,23.0,0,0,844038,6.0699,,S
54,0,3,"Taylor, Mr. Frederick",male,28.4,0,0,894544,6.2387,,S
55,0,3,"Williams, Mr. Arthur",male,,0,0,607702,13.4162,,S
56,0,3,"Smith, Mr. John",male,44.3,0,5,889577,14.1164,,C
57,1,1,"Jackson, Miss. Annie",female,44.9,2,0,714582,22.2856,,S
58,1,1,"Davis, Mrs. Mary",female,48.3,0,0,582403,124.3315,,C
59,0,1,"Jackson, Col. Charles",male,47.3,0,0,886038,196.1763,,S
60,0,2,"Anderson, Rev. Charles",male,45.3,0,0,574935,33.8843,,S
61,0,2,"White, Dr. Ethel",female,32.4,0,0,64607,22.3796,,S
62,0,2,"Jackson, Dr. James",male,13.1,0,1,460626,11.906,,S
63,0,3,"Wilson, Mrs. Florence",female,29.8,1,0,31996,11.1897,,S
64,0,2,"Wilson, Mr. Frederick",male,21.5,1,0,982425,12.8366,,S
65,0,2,"Jones, Mr. Joseph",male,23.1,0,0,93697,15.8444,C134,S
66,0,3,"Johnson, Mr. Henry",male,,0,0,318166,9.8902,,S
67,0,1,"Johnson, Mr. John",male,55.3,0,1,836580,41.958,D61,S
68,0,3,"Williams, Col. Robert",male,25.3,0,1,602052,4.6034,,S
69,1,1,"Brown, Mrs. Clara",female,42.3,0,0,888333,102.109,,S
70,0,3,"Wilson, Mr. Alfred",male,,0,1,362868,20.7721,,S
71,0,3,"Anderson, Mr. Arthur",male,27.9,0,0,921198,15.2049,B92,S
72,1,1,"Davis, Dr. Frederick",male,,0,4,249190,120.908,,S
73,0,1,"Brown, Mr. Edward",male,45.9,0,0,18888,146.2664,,C
74,0,3,"Johnson, Mr. Frederick",male,3.9,0,4,754026,11.233,B99,C
75,0,3,"Miller, Mr. Arthur",male,34.0,0,0,966663,10.2262,F130,S
76,0,3,"Wilson, Lady. Elizabeth",female,29.6,0,0,445413,12.7983,,S
77,0,3,"Jackson, Dr. Alfred",male,40.5,1,0,231432,4.1199,,S
78,0,1,"Johnson, Col. Frederick",male,47.4,0,5,371085,84.7444,,C
79,1,2,"White, Rev. John",male,28.2,0,1,951978,17.5951,,S
80,1,1,"Johnson, Mrs. Alice",female,20.9,0,0,289477,77.8849,,S
81,0,3,"Thomas, Mrs. Clara",female,,1,0,511616,6.4838,,S
82,0,3,"Davis, Miss. Elizabeth",female,14.8,0,0,570643,10.5935,,S
83,1,2,"Davis, Mr. Thomas",male,22.5,0,0,240487,13.1028,,S
84,1,1,"Williams, Mr. John",male,46.2,0,0,663974,50.719,G115,S
85,1,2,"Miller, Col. Thomas",male,,1,0,477119,13.9915,,S
86,0,2,"Williams, Mr. Charles",male,35.1,3,1,993762,25.6766,,C
87,0,3,"Brown, Col. Joseph",male,10.6,0,0,696505,8.1184,,C
88,1,3,"Miller, Col. Alfred",male,30.3,1,1,783890,6.4856,,S
89,0,3,"Williams, Rev. James",male,,2,0,259434,6.7753,,S
90,0,3,"Harris, Col. William",male,17.7,2,0,899602,8.182,,S
91,1,1,"Taylor, Mrs. Dorothy",female,,0,0,347819,229.4127,,S
92,0,3,"Anderson, Col. James",male,25.2,0,0,190926,4.4006,C58,S
93,1,3,"Miller, Mr. Frederick",male,15.6,0,0,601952,11.4473,C52,S
94,0,3,"Smith, Lady. Mary",female,32.8,1,0,510638,10.3391,,S
95,1,3,"Taylor, Mr. Joseph",male,23.5,0,0,620441,5.2515,,S
96,1,3,"Jones, Dr. Ethel",female,30.0,0,0,627904,17.0038,,S
97,0,3,"Davis, Col. Joseph",male,14.4,0,0,831717,10.6935,,S
98,0,2,"Johnson, Dr. George",male,24.3,1,0,266349,14.8338,,S
99,1,1,"Thomas, Mrs. Rose",female,48.1,1,1,420749,20.0536,D149,S
100,1,1,"Miller, Miss. Ethel",female,32.8,0,2,960128,86.5224,G62,S
101,1,1,"Jackson, Mrs. Margaret",female,62.2,1,0,581284,71.4272,,S
102,0,3,"Thomas, Rev. Edward",male,,0,0,319091,4.8776,,S
103,1,2,"Smith, Rev. George",male,32.9,1,0,431172,11.9718,,S
104,0,3,"Johnson, Mr. Arthur",male,,0,2,847462,12.607,,S
105,0,3,"Wilson, Rev. Arthur",male,8.0,0,0,461813,3.0715,,S
106,1,2,"Miller, Dr. Florence",female,7.1,1,0,838875,20.6087,,S
107,0,2,"Harris, Rev. Thomas",male,10.2,0,0,662632,16.8614,,C
108,0,3,"Anderson, Mrs. Clara",female,40.2,1,0,239685,10.4707,,S
109,0,1,"Davis, Mr. Joseph",male,30.3,0,0,337608,59.9785,,S
110,0,1,"Davis, Mr. Joseph",male,73.8,0,1,662307,90.4948,,S
111,0,2,"Taylor, Dr. Arthur",male,22.7,0,0,145024,13.5027,,S
112,1,1,"Jackson, Mrs. Dorothy",female,40.6,0,0,984384,71.2045,,S
113,0,3,"Taylor, Dr. Edith",female,,0,0,193273,10.4285,,S
114,0,3,"Thomas, Mrs. Mary",female,49.1,0,0,654742,8.806,,S
115,0,3,"Smith, Mrs. Helen",female,49.7,0,2,134444,9.8765,G134,S
116,0,3,"Williams, Mrs. Sarah",female,39.5,0,0,384319,5.1348,,S
117,0,3,"Smith, Mrs. Alice",female,37.3,4,1,314604,6.0779,,S
118,0,1,"Wilson, Rev. Frederick",male,46.3,4,0,163868,49.3364,,C
119,0,3,"Smith, Mr. Frederick",male,,0,0,172818,7.1118,C116,S
120,1,3,"Williams, Rev. James",male,18.4,1,2,490001,16.1076,A12,C
121,0,3,"Wilson, Mrs. Clara",female,15.2,0,0,10015,6.8408,C41,S
122,1,3,"Harris, Dr. Rose",female,25.0,0,1,846189,4.61,,S
123,0,2,"Davis, Mr. William",male,27.8,1,0,167029,22.5708,,S
124,1,1,"Brown, Miss. Margaret",female,31.7,2,1,615829,189.1708,,S
125,1,1,"Brown, Mrs. Helen",female,47.7,0,0,555580,30.4825,A144,C
126,0,2,"Davis, Dr. Thomas",male,42.4,1,0,394838,40.0098,,C
127,0,3,"Wilson, Mr. George",male,26.1,0,1,172948,10.0502,,S
128,1,3,"Anderson, Dr. Elizabeth",female,,5,2,726087,13.6938,,C
129,0,1,"Johnson, Mr. Henry",male,22.0,0,2,57046,205.8093,,S
130,1,3,"Jones, Miss. Mary",female,22.7,0,1,549105,13.2807,,S
131,0,2,"Jackson, Col. John",male,20.7,0,1,19759,17.3881,F71,Q
132,1,1,"Johnson, Mrs. Alice",female,11.9,1,0,189504,172.8439,,C
133,1,1,"White, Lady. Helen",female,,0,0,278556,88.0777,,S
134,1,2,"White, Mrs. Annie",female,28.4,2,0,460973,28.1119,,C
135,0,3,"Williams, Col. John",male,,0,0,292648,14.8788,,Q
136,1,2,"Williams, Dr. Dorothy",female,38.2,0,0,380644,11.7475,,C
137,1,3,"Anderson, Lady. Alice",female,,0,0,280651,12.1478,,C
138,0,3,"Harris, Mr. Henry",male,47.2,0,0,31050,7.4563,,C
139,1,2,"Williams, Mrs. Edith",female,45.9,0,0,408036,19.207,,S
140,0,3,"Thomas, Col. John",male,32.0,0,0,935339,8.7019,,C
141,0,3,"Smith, Mr. William",male,22.3,0,0,496383,8.5291,,S
142,1,2,"Taylor, Mr. Robert",male,17.5,0,0,110153,33.4285,,C
143,0,3,"Harris, Rev. Joseph",male,20.5,0,1,810019,4.1238,,S
144,0,2,"Harris, Mr. Henry",male,44.2,1,0,241329,9.1254,,S
145,1,2,"Brown, Mrs. Elizabeth",female,54.5,1,0,592020,8.387,,S
146,0,1,"Wilson, Col. James",male,59.6,0,0,586209,155.7732,F92,S
147,0,3,"Jackson, Mrs. Annie",female,19.1,0,0,448715,5.5471,,S
148,0,3,"Thomas, Rev. Edward",male,11.6,0,0,652022,8.7241,,Q
149,1,1,"Smith, Col. George",male,40.0,0,0,926536,68.0129,,Q
150,0,2,"Smith, Mr. Robert",male,7.0,0,0,147912,12.749,,S
151,0,3,"Brown, Miss. Mary",female,28.9,0,0,506586,12.5001,E134,Q
152,0,1,"Brown, Col. John",male,,0,0,992581,67.4088,C115,C
153,0,1,"Wilson, Dr. John",male,,0,2,565728,62.4013,C102,S
154,1,3,"Taylor, Lady. Dorothy",female,5.9,0,2,569471,9.1746,,S
155,0,3,"Brown, Rev. Henry",male,31.2,1,0,892604,11.7093,,C
156,0,1,"Davis, Mr. George",male,,4,0,667749,37.6644,E119,S
157,0,3,"Williams, Mr. William",male,11.0,0,0,982580,12.6349,,C
158,0,3,"Harris, Miss. Mary",female,0.5,0,0,648803,16.8597,,C
159,1,1,"Williams, Rev. Frederick",male,37.6,1,2,395327,27.1592,,C
160,1,3,"Thomas, Miss. Dorothy",female,46.3,2,0,338443,9.3853,,S
161,0,2,"Davis, Mr. John",male,,0,1,754821,16.0873,,S
162,1,3,"Miller, Mrs. Elizabeth",female,19.5,0,0,649791,11.5839,,S
163,0,3,"Wilson, Mrs. Alice",female,17.8,0,3,49023,4.4445,,S
164,0,3,"Johnson, Miss. Rose",female,30.6,0,0,191101,18.439,,S
165,0,1,"Miller, Mr. Charles",male,24.0,0,1,312085,23.9142,,S
166,1,3,"Harris, Mrs. Helen",female,28.6,0,0,457166,7.2273,G35,S
167,0,2,"Miller, Mr. Joseph",male,40.0,0,0,918109,21.6222,,C
168,1,1,"Davis, Mr. Alfred",male,55.2,0,0,752319,45.5843,,S
169,1,1,"Taylor, Col. Joseph",male,36.6,1,0,86054,40.8382,,S
170,1,3,"Taylor, Mrs. Annie",female,22.6,0,2,337507,9.1259,C131,S
171,1,3,"Brown, Miss. Sarah",female,14.5,0,2,511772,8.4899,,S
172,1,1,"Brown, Lady. Florence",female,,0,1,596030,74.0068,,S
173,0,3,"Wilson, Col. Joseph",male,,0,0,501112,12.5453,,C
174,1,1,"White, Rev. Robert",male,43.1,4,1,579503,55.917,F123,S
175,0,3,"Davis, Dr. Florence",female,36.0,0,0,844289,9.5811,C123,S
176,1,1,"White, Dr. Alfred",male,26.8,0,0,851908,51.6959,A11,S
177,0,3,"Harris, Mr. George",male,42.9,1,0,169245,5.3406,,C
178,0,2,"Thomas, Mr. John",male,26.5,0,0,412611,16.2176,,C
179,1,3,"Brown, Dr. George",male,24.7,1,0,856200,6.3637,,Q
180,0,1,"Davis, Col. John",male,27.5,0,0,251443,53.8303,,C
181,1,2,"Miller, Mr. Thomas",male,0.5,0,0,487959,28.9662,,Q
182,0,1,"Wilson, Mr. Joseph",male,,0,1,113591,61.6904,,C
183,0,3,"Jackson, Rev. Thomas",male,33.8,0,0,259045,5.8623,,S
184,1,3,"Smith, Miss. Margaret",female,21.6,1,0,580517,8.2816,,S
185,1,2,"Williams, Mr. Edward",male,30.9,1,0,954143,18.9479,,S
186,1,3,"Davis, Mr. Frederick",male,31.2,0,0,908138,4.5112,,S
187,1,3,"Williams, Lady. Sarah",female,6.2,0,0,72583,7.0343,,S
188,0,3,"Wilson, Col. Arthur",male,18.7,1,0,265931,6.894,,S
189,1,3,"Brown, Miss. Mary",female,,2,0,169996,7.4927,,C
190,1,1,"Wilson, Lady. Elizabeth",female,20.4,0,0,660299,122.4705,,Q
191,0,1,"Johnson, Mr. Edward",male,42.1,0,0,476185,81.099,,S
192,0,3,"Taylor, Dr. Edward",male,,0,1,302248,15.089,F80,S
193,0,3,"Harris, Mrs. Edith",female,,1,0,774948,8.1187,,Q
194,0,3,"Johnson, Mrs. Alice",female,24.6,0,0,834026,19.8468,A127,S
195,0,2,"Wilson, Rev. Arthur",male,,0,1,275808,15.115,,C
196,0,2,"Johnson, Mr. Joseph",male,45.1,1,0,806960,13.3588,G58,S
197,0,3,"Anderson, Mr. Charles",male,16.2,0,0,693550,10.7365,,S
198,0,3,"Davis, Lady. Mary",female,15.3,0,1,731393,16.152,E40,S
199,0,3,"Davis, Mr. Joseph",male,27.4,0,0,464377,4.0984,,C
200,1,3,"Williams, Mrs. Margaret",female,38.8,0,0,738537,7.4002,C53,S
201,1,3,"Taylor, Dr. Ethel",female,12.8,0,0,662692,6.0171,,S
202,0,1,"Jones, Mr. John",male,,0,0,997683,81.4505,,S
203,0,1,"Johnson, Mr. George",male,44.0,0,0,211664,74.2184,,S
204,0,3,"Thomas, Mr. Thomas",male,33.3,0,0,305043,16.0016,,Q
205,0,3,"Jones, Dr. Thomas",male,27.1,1,0,867411,7.7353,,C
206,1,1,"Williams, Col. Arthur",male,32.9,1,0,551529,192.9341,,S
207,1,1,"Johnson, Mr. William",male,26.4,0,0,842643,59.1118,,S
208,1,3,"Williams, Mrs. Rose",female,,0,0,597760,12.9778,,S
209,0,1,"Anderson, Dr. William",male,23.0,0,0,215320,86.4931,E22,C
210,1,1,"Taylor, Mr. George",male,0.5,0,0,41346,247.3786,,C
211,0,3,"Wilson, Dr. Dorothy",female,30.2,0,0,615484,3.902,,S
212,1,3,"Brown, Miss. Alice",female,,0,2,376595,4.5634,F45,S
213,0,3,"Wilson, Mrs. Edith",female,0.5,0,0,742484,20.4056,,S
214,1,1,"Harris, Dr. Helen",female,23.9,0,0,899340,44.1112,G13,Q
215,0,3,"White, Dr. Henry",male,32.4,0,0,445436,5.8421,,Q
216,0,1,"Smith, Dr. George",male,66.8,1,0,159014,39.9246,,C
217,1,2,"Davis, Mrs. Elizabeth",female,,0,2,845599,28.7713,,C
218,0,3,"Jones, Dr. Margaret",female,16.3,0,0,832805,4.3635,,S
219,0,3,"Wilson, Rev. Frederick",male,22.8,0,2,863575,8.2584,D116,C
220,1,3,"White, Mrs. Alice",female,41.5,1,0,654911,7.1505,A126,S
221,0,3,"Smith, Mr. Edward",male,17.2,1,0,906445,13.7118,,S
222,0,3,"White, Mr. John",male,,0,0,12016,6.1605,D88,S
223,0,1,"Brown, Mr. Alfred",male,31.2,0,1,865542,98.5625,,C
224,0,2,"Jones, Mr. Thomas",male,17.6,0,0,533195,11.3761,,S
225,0,2,"Williams, Rev. Arthur",male,31.6,0,0,973813,45.1313,,S
226,0,2,"White, Mr. Alfred",male,51.1,0,0,541562,16.5132,,S
227,1,3,"White, Mrs. Margaret",female,28.9,1,0,25748,8.202,,S
228,0,2,"Smith, Mr. Joseph",male,26.7,0,2,423391,35.2301,,S
229,0,3,"Davis, Mr. Arthur",male,21.5,1,0,507926,6.0901,E123,C
230,0,3,"White, Mrs. Clara",female,6.2,0,0,546114,18.7969,,C
231,1,3,"Brown, Mrs. Rose",female,35.6,0,0,879440,6.6477,,S
232,1,3,"Taylor, Miss. Edith",female,24.1,1,0,663576,11.4255,,C
233,1,3,"Anderson, Dr. Annie",female,22.8,0,2,437345,6.1328,E81,C
234,1,3,"White, Miss. Rose",female,,0,0,211081,4.1453,,S
235,0,1,"Johnson, Dr. John",male,42.2,0,0,785342,98.5157,,C
236,1,3,"Wilson, Dr. James",male,16.0,0,1,426706,11.2453,,Q
237,0,2,"Anderson, Mr. Alfred",male,24.5,5,0,902055,10.7365,,S
238,1,1,"Taylor, Mr. Alfred",male,54.1,0,0,182507,59.4455,,S
239,0,3,"Wilson, Rev. Charles",male,26.4,5,0,740377,14.8854,,Q
240,1,1,"Harris, Mrs. Edith",female,17.9,4,0,936024,112.1776,B99,S
241,0,3,"Thomas, Mr. Charles",male,36.0,1,0,530140,6.7019,,S
242,0,3,"White, Col. George",male,17.0,0,2,233023,6.0571,C76,S
243,0,3,"White, Mr. James",male,47.5,0,0,355250,21.6309,,S
244,1,2,"Miller, Mrs. Rose",female,44.0,1,0,727237,10.1882,,C
245,1,1,"Jackson, Col. William",male,31.7,0,2,947302,70.7082,,S
246,0,3,"Taylor, Mrs. Alice",female,40.4,0,0,326782,3.9261,,S
247,0,2,"Jackson, Rev. Robert",male,30.9,0,0,79072,30.7511,,S
248,1,3,"Thomas, Mr. Alfred",male,35.2,0,0,77309,8.1371,,S
249,0,3,"Jones, Mr. William",male,30.8,0,2,170966,8.9271,G149,S
250,1,3,"Taylor, Mrs. Alice",female,14.8,0,0,990467,32.6044,,S
251,0,2,"Anderson, Mr. Alfred",male,21.6,0,1,511775,14.3337,E43,C
252,1,2,"Smith, Mrs. Annie",female,,1,1,396868,36.5774,A42,S
253,0,3,"Smith, Rev. Thomas",male,21.0,0,0,195639,6.7169,,S
254,0,2,"Anderson, Mr. Alfred",male,24.8,2,0,924275,16.5535,,S
255,1,1,"Smith, Mrs. Dorothy",female,24.6,1,1,569614,467.1838,D34,S
256,1,3,"Taylor, Dr. Annie",female,,1,0,720419,7.5342,D30,S
257,1,3,"Taylor, Dr. Mary",female,49.8,0,1,801511,4.1075,G36,S
258,1,3,"Davis, Mrs. Edith",female,12.2,1,2,953342,9.4023,,C
259,0,3,"Davis, Mrs. Edith",female,,0,0,393556,7.4905,F140,S
260,1,1,"Thomas, Dr. Edith",female,57.8,1,0,621628,95.294,,C
261,1,3,"Miller, Mrs. Sarah",female,24.0,0,1,974613,7.6385,E107,S
262,1,3,"Williams, Mrs. Alice",female,,1,1,881643,24.7239,,Q
263,1,1,"Jackson, Mrs. Mary",female,23.1,5,0,428810,108.8222,,S
264,1,3,"Miller, Col. Henry",male,30.1,0,0,314893,4.7708,,S
265,1,3,"Wilson, Mrs. Rose",female,22.8,0,0,701652,8.6909,,S
266,0,3,"Anderson, Mr. Henry",male,36.8,1,0,652480,5.475,,S
267,0,3,"Harris, Miss. Helen",female,,0,0,870966,7.2149,,S
268,0,3,"Williams, Mrs. Elizabeth",female,,1,0,261749,5.1799,E105,Q
269,0,2,"Anderson, Mr. Frederick",male,,0,0,875665,42.218,,S
270,1,2,"Johnson, Miss. Sarah",female,,0,0,586106,13.7831,E57,S
271,0,3,"Jones, Mr. James",male,27.3,4,0,908342,11.5165,C43,C
272,0,3,"Wilson, Mr. Thomas",male,20.8,0,0,547717,6.9467,,S
273,1,3,"Johnson, Mrs. Florence",female,29.1,1,0,592036,4.5759,E133,S
274,0,3,"Smith, Col. Thomas",male,21.5,0,0,583095,9.0144,,S
275,1,3,"Miller, Dr. Helen",female,,0,0,279284,9.9776,,S
276,1,3,"Harris, Lady. Mary",female,40.8,0,0,335370,10.7975,,S
277,0,3,"Miller, Mr. James",male,12.9,0,0,772449,2.201,,S
278,1,3,"Davis, Mr. Alfred",male,38.7,1,0,418117,4.4043,,S
279,0,3,"Smith, Mr. Robert",male,40.8,0,2,885247,13.181,,C
280,0,3,"Jones, Mr. George",male,23.6,0,0,824957,5.1459,E43,S
281,1,3,"Anderson, Dr. Sarah",female,0.5,0,2,292635,9.0383,,S
282,1,2,"Harris, Mr. Joseph",male,22.1,1,0,209888,10.9879,,Q
283,0,2,"Jackson, Col. William",male,46.9,0,0,176052,24.3526,,S
284,0,1,"Johnson, Rev. Edward",male,37.7,1,2,516733,141.4419,,C
285,0,3,"Jackson, Mr. Henry",male,13.0,0,0,236597,11.7747,,Q
286,1,1,"Harris, Lady. Dorothy",female,30.9,0,0,18078,151.8343,,C
287,0,3,"Anderson, Rev. Henry",male,35.1,1,0,625942,17.849,,C
288,1,3,"Harris, Miss. Ethel",female,31.6,0,0,139101,4.5402,,S
289,0,2,"Brown, Mr. Robert",male,26.9,0,0,492737,13.2571,G34,S
290,1,3,"Wilson, Lady. Elizabeth",female,20.6,0,0,451920,12.7914,,C
291,1,1,"Wilson, Rev. Robert",male,32.5,0,0,551285,162.5773,,S
292,0,1,"Brown, Mr. John",male,25.1,1,0,483026,45.9687,,S
293,1,3,"Brown, Mrs. Dorothy",female,,0,2,666228,5.6297,C102,C
294,0,2,"Taylor, Mr. Joseph",male,25.8,1,0,518715,14.0008,,S
295,1,1,"Williams, Dr. Ethel",female,55.0,0,0,429614,23.9611,C45,Q
296,1,3,"Miller, Mrs. Edith",female,43.3,0,1,222650,4.3245,,C
297,0,3,"Miller, Rev. Joseph",male,,2,0,369500,4.377,,C
298,0,1,"Davis, Rev. George",male,32.0,0,0,385855,59.9872,,C
299,0,3,"Williams, Mrs. Florence",female,29.8,0,0,817678,9.3504,,C
300,0,1,"Smith, Mr. Joseph",male,37.7,0,0,161633,99.8262,,C
301,1,1,"Anderson, Mr. Henry",male,25.3,0,0,943758,51.625,,S
302,0,3,"Harris, Mr. Alfred",male,28.9,0,1,44512,6.4109,,S
303,0,3,"Jackson, Dr. Henry",male,10.9,0,2,235226,8.687,B72,C
304,0,3,"Smith, Rev. Alfred",male,39.3,0,0,218467,3.8651,,C
305,0,3,"Jackson, Mrs. Ethel",female,,0,0,854297,13.1934,,S
306,0,3,"Williams, Lady. Rose",female,27.4,0,0,951084,15.5287,,S
307,1,3,"White, Mrs. Elizabeth",female,,0,0,474175,5.9728,,S
308,1,2,"Williams, Mrs. Clara",female,26.6,0,2,899825,15.4967,,S
309,1,3,"Smith, Mr. John",male,32.0,0,0,606432,15.2055,G87,Q
310,1,2,"Miller, Miss. Clara",female,,4,0,707845,17.3013,A2,Q
311,1,2,"Jones, Col. Arthur",male,,0,1,978125,22.9955,,S
312,0,1,"Harris, Dr. William",male,,1,0,127363,69.0884,,S
313,0,1,"Jones, Mr. Thomas",male,39.8,0,0,322809,219.0752,D27,S
314,0,3,"Davis, Dr. Alfred",male,48.3,0,0,735772,10.4337,,C
315,1,3,"Taylor, Dr. Dorothy",female,13.0,0,1,191675,10.7384,,S
316,1,3,"Jones, Mrs. Elizabeth",female,,0,0,162110,10.839,,S
317,0,2,"Johnson, Mr. George",male,,0,1,627830,14.5553,D3,S
318,0,1,"Taylor, Mr. William",male,,0,0,897743,53.2891,D60,S
319,1,1,"Wilson, Miss. Florence",female,,0,1,499562,126.2762,,S
320,0,2,"Jackson, Mr. Henry",male,36.4,2,1,810757,19.1168,,S
321,0,3,"Williams, Mr. Joseph",male,32.6,0,0,176964,4.5321,G19,S
322,0,3,"Johnson, Mr. James",male,38.3,0,0,404969,20.8333,,S
323,1,3,"Davis, Mrs. Elizabeth",female,,1,0,683356,13.3169,,S
324,1,2,"Thomas, Mrs. Edith",female,26.9,0,0,865243,18.4497,F128,C
325,0,3,"Taylor, Col. Joseph",male,33.1,0,0,739643,7.1224,C107,C
326,0,3,"Brown, Dr. Charles",male,47.8,1,0,972715,9.019,,C
327,0,3,"Smith, Mrs. Helen",female,23.4,1,0,126737,10.5778,C143,Q
328,1,3,"Wilson, Mrs. Annie",female,,1,0,466036,2.955,B24,S
329,1,2,"White, Mr. George",male,44.4,0,0,272968,42.3065,,S
330,1,2,"Anderson, Mrs. Sarah",female,28.4,0,0,417096,13.2506,,S
331,1,2,"Miller, Mr. Arthur",male,1.8,2,0,774705,18.1603,,C
332,1,3,"Miller, Mr. Charles",male,35.2,0,1,652006,8.3098,,Q
333,1,1,"Anderson, Lady. Annie",female,30.5,0,0,338761,298.2092,,S
334,1,1,"Taylor, Rev. Thomas",male,36.7,0,0,283661,69.2909,,S
335,1,1,"White, Mr. Henry",male,42.6,0,2,687043,224.0692,,S
336,0,1,"Thomas, Col. Arthur",male,40.7,0,0,420092,97.9747,,C
337,0,3,"Brown, Dr. John",male,33.5,0,2,375212,5.0483,,S
338,1,3,"Brown, Mrs. Annie",female,19.8,0,0,983858,8.7351,,S
339,0,3,"Taylor, Rev. Frederick",male,31.2,0,0,477018,7.6963,,S
340,1,1,"White, Mrs. Rose",female,,1,0,742079,34.5066,,S
341,0,3,"Harris, Mr. Henry",male,33.9,0,0,783408,9.7656,,C
342,0,3,"Anderson, Mr. Charles",male,32.4,0,0,788610,8.2569,,S
343,0,1,"Davis, Dr. George",male,24.9,0,0,489818,108.7982,,C
344,1,2,"Miller, Mrs. Clara",female,44.1,0,0,911448,19.6355,,S
345,0,2,"Johnson, Rev. Henry",male,23.0,0,0,219485,14.007,,C
346,0,3,"Davis, Mrs. Rose",female,,0,0,282126,11.9911,,C
347,0,3,"Wilson, Rev. Edward",male,29.4,1,0,429814,5.9763,C134,S
348,1,1,"Taylor, Lady. Ethel",female,,2,0,155711,8.4168,,S
349,0,2,"Jackson, Col. John",male,27.1,0,0,604498,19.1339,C8,S
350,1,3,"White, Miss. Margaret",female,,0,2,604140,6.1902,C29,S
351,0,3,"Harris, Mrs. Clara",female,24.8,0,0,910050,9.8855,,C
352,0,3,"Harris, Dr. Elizabeth",female,21.4,1,2,789427,22.1854,,C
353,1,3,"White, Lady. Edith",female,34.6,1,1,19695,22.508,D26,C
354,0,1,"White, Miss. Ethel",female,15.4,0,0,58582,65.655,,S
355,1,1,"Jones, Rev. Frederick",male,23.2,0,0,303238,41.3238,,S
356,0,3,"Taylor, Col. Thomas",male,12.2,1,0,725995,10.9391,,S
357,0,1,"Miller, Mr. Joseph",male,51.3,0,0,294331,56.8742,,S
358,1,3,"Wilson, Miss. Dorothy",female,,0,0,914445,9.9333,,C
359,0,3,"Williams, Mr. Charles",male,23.7,0,0,663009,5.8683,,C
360,1,3,"Harris, Lady. Elizabeth",female,,0,0,640971,9.2567,,S
361,0,2,"Taylor, Mr. Joseph",male,30.9,1,0,797646,13.1341,,C
362,0,3,"Miller, Mr. William",male,38.9,3,0,820372,14.763,,S
363,0,3,"Smith, Rev. Robert",male,13.9,0,0,529382,6.08,,S
364,1,3,"Williams, Mrs. Sarah",female,27.9,0,1,578694,11.3651,C143,Q
365,0,3,"Taylor, Mr. George",male,36.7,0,0,970985,4.3389,,Q
366,0,2,"Williams, Col. James",male,,0,0,157049,24.8404,,S
367,1,3,"Davis, Mr. Frederick",male,27.3,0,0,448055,5.037,,Q
368,0,3,"Harris, Mr. Thomas",male,37.0,0,0,461090,9.3053,,S
369,1,1,"Wilson, Mr. Arthur",male,0.5,0,0,854846,150.8432,,S
370,1,1,"Anderson, Mr. Joseph",male,47.5,0,0,373584,64.0723,,S
371,1,1,"White, Mrs. Clara",female,28.8,0,0,953042,35.8586,,Q
372,0,1,"Anderson, Mr. John",male,12.4,0,0,245994,104.3519,,S
373,0,1,"Smith, Mr. George",male,45.2,0,2,900001,40.9075,B74,S
374,0,3,"Williams, Rev. Thomas",male,41.5,0,2,721601,6.6717,,S
375,1,1,"Anderson, Mr. Arthur",male,36.1,5,0,214573,88.75,,C
376,0,2,"Miller, Col. Frederick",male,,0,0,740493,31.3204,,S
377,0,3,"Harris, Mr. Arthur",male,44.3,0,0,70481,8.2753,D92,S
378,0,1,"Williams, Rev. George",male,56.4,1,0,772372,74.8885,,S
379,0,3,"Taylor, Col. Edward",male,44.7,8,0,299884,11.8078,,S
380,1,2,"Taylor, Dr. Sarah",female,,0,0,859760,18.544,A108,S
381,1,1,"Harris, Dr. Ethel",female,39.1,1,2,999609,114.993,,S
382,0,3,"Davis, Miss. Florence",female,5.8,0,0,978147,14.0029,,C
383,0,3,"Smith, Col. Robert",male,22.0,0,0,506733,6.9319,,S
384,0,3,"Taylor, Col. Frederick",male,14.9,0,0,284025,1.588,,C
385,0,3,"Smith, Mr. Charles",male,,0,0,309140,5.4251,,S
386,0,3,"Wilson, Mr. Thomas",male,22.9,1,0,697537,14.9445,D48,S
387,1,2,"Miller, Mrs. Sarah",female,31.6,0,2,656484,17.9303,,S
388,1,1,"Anderson, Mr. Frederick",male,45.7,0,0,571465,58.1258,G33,C
389,0,3,"Miller, Mr. Joseph",male,25.5,0,0,76126,14.6347,,C
390,0,3,"Brown, Mr. Henry",male,,0,0,328675,7.7628,,S
391,1,3,"Harris, Mrs. Alice",female,17.5,0,0,36119,2.8683,D81,S
392,0,2,"Williams, Rev. William",male,,1,0,652032,9.9531,,S
393,0,2,"Thomas, Dr. Alfred",male,20.3,1,0,126894,21.4872,,S
394,0,3,"Miller, Dr. Thomas",male,9.2,1,0,168987,7.8976,,S
395,0,2,"Miller, Col. Alfred",male,22.0,1,1,405924,32.5202,D12,S
396,0,3,"Brown, Dr. John",male,24.6,0,0,441965,5.6597,,C
397,1,3,"Jackson, Dr. Henry",male,19.8,1,0,54989,6.9954,,S
398,0,2,"Taylor, Mr. James",male,21.0,0,0,818538,12.7585,,S
399,0,3,"Taylor, Col. John",male,8.1,0,1,813563,6.2947,,S
400,1,3,"Jackson, Rev. Thomas",male,24.0,0,0,842985,3.171,,S
401,1,1,"Thomas, Mr. Alfred",male,16.9,0,0,985648,56.2621,,S
402,1,3,"Brown, Mr. James",male,,0,0,16553,7.9571,D72,S
403,0,3,"Anderson, Mrs. Mary",female,26.0,0,0,552169,7.6281,,S
404,0,3,"Davis, Miss. Alice",female,7.5,1,0,11379,23.9215,,S
405,0,2,"Williams, Dr. Henry",male,26.0,0,1,362935,37.841,,S
406,0,3,"Harris, Mr. Charles",male,16.0,0,0,377808,5.61,,S
407,1,2,"Harris, Col. William",male,34.1,3,0,79306,8.0239,,S
408,0,1,"Thomas, Col. Arthur",male,,0,0,422942,68.7557,,S
409,0,3,"Jackson, Mrs. Annie",female,2.5,0,1,253825,9.8577,,S
410,1,1,"Smith, Mr. John",male,39.6,0,0,936592,40.3528,,S
411,0,2,"Brown, Mrs. Elizabeth",female,27.9,0,0,437530,13.1393,,S
412,0,3,"Miller, Rev. Robert",male,,0,0,521030,18.0163,,S
413,0,3,"Taylor, Mr. Frederick",male,27.6,0,0,982545,7.1795,,S
414,0,3,"Taylor, Dr. Annie",female,16.0,0,0,638800,11.3717,,S
415,0,3,"Johnson, Mrs. Edith",female,21.2,0,0,288494,5.1287,,S
416,1,2,"Miller, Mrs. Rose",female,,0,0,510395,17.7649,,Q
417,1,2,"Brown, Dr. Florence",female,44.0,0,0,109599,15.8864,C2,S
418,0,2,"Harris, Mr. Joseph",male,30.3,0,0,615685,13.8717,,S
419,1,3,"Jackson, Lady. Florence",female,47.8,1,0,351653,14.5509,,S
420,0,3,"Miller, Mr. Alfred",male,24.3,0,0,552057,4.0778,D54,S
421,0,3,"Jackson, Miss. Mary",female,16.5,0,1,712609,9.488,D102,C
422,0,3,"Smith, Mr. John",male,6.8,1,2,635872,6.8376,,S
423,1,1,"Jones, Mrs. Helen",female,,0,2,318509,98.5316,,Q
424,0,3,"Smith, Dr. Alfred",male,6.0,0,1,322329,6.8841,,S
425,0,1,"Williams, Mr. Henry",male,41.7,0,0,668146,135.2379,,S
426,0,3,"Harris, Rev. Charles",male,31.1,1,0,765897,5.1046,,C
427,1,2,"Williams, Dr. Annie",female,,1,0,136525,28.8763,,S
428,1,3,"Anderson, Mr. William",male,,0,0,404836,8.0494,B149,S
429,1,2,"Miller, Dr. Edward",male,23.7,1,0,570591,10.6824,E85,C
430,0,1,"Miller, Mr. Arthur",male,40.1,0,0,29589,118.6468,,S
431,0,1,"Brown, Mr. George",male,60.6,0,0,275026,64.1231,,S
432,0,3,"Brown, Dr. Clara",female,35.8,0,0,989752,3.4767,,S
433,0,3,"Johnson, Mr. Robert",male,21.8,0,0,190394,9.643,,S
434,1,1,"White, Mrs. Mary",female,25.5,1,2,663524,149.1,,C
435,0,1,"Thomas, Dr. John",male,7.9,0,0,427740,180.8187,,Q
436,0,3,"Harris, Col. Henry",male,16.4,0,0,806177,6.7587,E144,S
437,1,1,"Williams, Mrs. Helen",female,35.0,1,2,25861,81.5913,A14,S
438,0,3,"Jones, Dr. Ethel",female,,0,0,625995,8.3751,,S
439,0,3,"Jackson, Mr. Arthur",male,23.4,0,0,326405,17.1999,,S
440,0,1,"Wilson, Mr. Edward",male,39.1,0,0,789331,41.79,B53,Q
441,1,1,"Brown, Mrs. Annie",female,34.9,1,0,668197,53.2362,,S
442,0,3,"Williams, Mr. Edward",male,17.2,1,1,346279,5.3797,,S
443,1,2,"Anderson, Mrs. Dorothy",female,32.2,0,0,588668,10.1791,,C
444,1,2,"Anderson, Miss. Dorothy",female,35.7,0,0,882521,20.0678,,C
445,1,3,"Miller, Lady. Edith",female,11.9,0,0,639313,18.1859,,S
446,0,3,"Johnson, Rev. Alfred",male,41.9,1,0,715191,7.3947,,S
447,1,3,"Jones, Mrs. Alice",female,23.8,0,2,230421,5.2543,,S
448,0,3,"Jackson, Mr. George",male,25.2,0,0,965759,8.9659,A102,Q
449,0,2,"Miller, Mr. Edward",male,,2,0,254497,23.0035,,S
450,0,1,"Brown, Col. Edward",male,,0,0,694880,66.0588,,S
451,0,3,"Smith, Mr. Arthur",male,36.4,0,0,432757,16.4737,,S
452,0,3,"Smith, Miss. Helen",female,28.4,0,2,993276,5.4402,,S
453,1,2,"Jackson, Lady. Clara",female,22.0,4,0,954854,16.2033,,S
454,1,3,"Miller, Miss. Elizabeth",female,29.3,0,0,54397,9.4687,,Q
455,0,1,"Williams, Mr. Alfred",male,22.0,0,0,873517,97.0353,,C
456,0,3,"Thomas, Dr. John",male,26.3,0,1,860297,8.3613,,Q
457,1,1,"Johnson, Col. Arthur",male,37.5,0,0,852388,30.1175,,S
458,1,3,"Anderson, Miss. Rose",female,22.5,0,1,430669,26.2852,,C
459,0,1,"Jackson, Dr. Charles",male,36.2,0,0,465561,62.4784,,C
460,1,1,"Jackson, Mrs. Annie",female,11.7,8,2,897159,79.6138,,S
461,1,1,"Wilson, Mr. Robert",male,30.3,0,0,416122,113.492,,S
462,1,3,"Anderson, Rev. Frederick",male,26.1,0,0,287132,5.9402,,S
463,0,3,"Anderson, Mrs. Clara",female,,0,0,168795,8.4019,,C
464,0,3,"Jones, Rev. James",male,12.7,0,0,568088,5.8206,,S
465,1,3,"White, Mrs. Elizabeth",female,40.2,1,2,966611,10.052,,Q
466,1,2,"Davis, Mrs. Ethel",female,18.7,0,1,168502,16.2744,,S
467,0,2,"Miller, Mr. Joseph",male,42.6,0,0,435751,20.2365,,C
468,0,3,"Davis, Col. Henry",male,30.1,0,0,209548,4.8391,,S
469,0,1,"Thomas, Dr. Edward",male,29.0,0,0,267653,41.2544,,C
470,1,3,"Brown, Mrs. Mary",female,46.3,0,0,883761,4.1265,,S
471,1,1,"Davis, Mr. Joseph",male,21.3,0,0,586572,44.8189,,Q
472,0,3,"Brown, Mr. William",male,,1,0,590520,2.2552,,S
473,0,1,"Wilson, Col. Charles",male,,2,0,54420,59.4437,,S
474,1,3,"Taylor, Miss. Edith",female,17.0,0,0,834142,6.2519,,S
475,0,3,"White, Col. Arthur",male,41.7,3,0,475713,8.8062,,S
476,0,3,"Miller, Miss. Florence",female,22.0,0,0,626323,8.3504,,S
477,0,1,"Miller, Mrs. Mary",female,,0,0,443714,177.675,,S
478,0,3,"Smith, Dr. Joseph",male,28.1,0,3,827715,29.879,,C
479,0,3,"Wilson, Mr. John",male,,0,0,207241,14.4222,G54,S
480,1,3,"Jackson, Mrs. Edith",female,34.7,0,0,999862,6.5107,,S
481,0,3,"Johnson, Mr. John",male,34.5,0,0,727817,6.3809,,S
482,0,3,"Jones, Dr. Dorothy",female,4.0,0,1,259863,12.608,,S
483,0,3,"Jackson, Mr. Joseph",male,,0,0,35968,3.5195,,Q
484,1,3,"Jackson, Rev. Charles",male,5.1,0,0,72508,6.9755,E128,S
485,0,3,"Brown, Mrs. Ethel",female,37.4,1,0,770151,7.2494,,Q
486,0,3,"Johnson, Mr. George",male,38.5,0,0,728580,10.9361,,S
487,0,1,"Smith, Col. James",male,22.7,0,0,385579,113.2623,,S
488,1,2,"Williams, Col. Thomas",male,24.7,0,1,95366,13.4931,E103,C
489,1,3,"Williams, Mr. John",male,11.7,0,1,540026,6.638,,S
490,0,3,"Johnson, Col. Joseph",male,22.4,1,0,13098,10.2017,,S
491,0,3,"Thomas, Mr. Charles",male,21.3,0,0,105424,5.4769,E49,S
492,0,3,"Johnson, Mrs. Edith",female,34.4,0,2,738993,14.9253,,C
493,0,2,"Anderson, Rev. Edward",male,47.0,1,0,612960,23.1888,,S
494,1,1,"Brown, Mrs. Ethel",female,57.5,0,1,310388,83.101,,S
495,0,3,"Harris, Mr. John",male,,0,0,673613,9.9291,,S
496,1,2,"Anderson, Dr. Mary",female,,0,2,850765,15.0781,,S
497,0,3,"Anderson, Mr. George",male,4.8,1,0,135349,5.9706,,Q
498,1,1,"Wilson, Mrs. Rose",female,26.7,0,2,585257,54.7455,,S
499,0,3,"Jackson, Mr. Frederick",male,36.6,0,0,625032,10.4854,,S
500,1,3,"Smith, Col. Joseph",male,44.4,0,0,211495,9.0296,E10,C
501,0,3,"Brown, Col. James",male,10.2,0,2,127286,6.6104,F13,S
502,1,3,"Jones, Mr. Edward",male,17.9,0,0,971915,11.8792,,S
503,1,2,"Davis, Mr. Alfred",male,29.7,0,0,85028,16.9526,,S
504,0,3,"Taylor, Mr. John",male,,0,0,831853,5.7739,,S
505,0,3,"White, Mrs. Margaret",female,15.3,2,1,928958,9.2736,,S
506,0,1,"Williams, Mr. George",male,,1,2,945026,36.266,,S
507,0,3,"White, Rev. Thomas",male,,0,0,48575,,,S
508,0,3,"Brown, Mr. Arthur",male,24.8,1,1,537480,8.1454,,S
509,1,3,"Wilson, Dr. Clara",female,31.6,0,0,645404,5.8784,,S
510,0,3,"Williams, Rev. Joseph",male,25.1,0,0,458484,7.1917,,S
511,0,3,"Jackson, Col. Alfred",male,19.8,0,0,924306,5.0361,F118,S
512,0,2,"Jones, Mr. Edward",male,28.6,1,0,615599,29.4759,C14,Q
513,1,3,"Anderson, Mrs. Edith",female,23.9,1,0,937906,5.8665,C28,S
514,1,3,"Brown, Dr. Clara",female,,0,3,615069,6.5798,,S
515,0,1,"Smith, Rev. James",male,34.4,2,0,570815,96.0163,,S
516,1,1,"Jones, Dr. Clara",female,60.4,0,0,586469,28.1169,E76,C
517,1,2,"Jones, Dr. Margaret",female,37.3,1,2,625760,10.1734,,Q
518,0,3,"Harris, Dr. James",male,,4,0,954506,9.8796,,S
519,0,3,"Taylor, Dr. Alice",female,33.4,0,1,615507,6.5373,C59,S
520,0,1,"Williams, Mr. James",male,33.3,1,0,939964,39.2108,G95,S
521,0,3,"Smith, Mr. Charles",male,39.1,0,1,129783,11.0418,,S
522,0,2,"Taylor, Rev. Thomas",male,34.8,0,0,171554,13.1344,E106,S
523,0,3,"Johnson, Mr. Robert",male,23.7,0,2,943951,7.1188,A79,C
524,0,3,"Miller, Dr. Edward",male,30.4,0,0,189300,5.2171,B120,S
525,1,3,"Jackson, Mrs. Alice",female,6.1,2,0,617553,9.5041,,S
526,0,3,"White, Mr. Henry",male,11.5,0,0,60126,15.8955,,S
527,0,2,"Jackson, Mr. Frederick",male,14.5,0,0,816977,8.6329,,S
528,0,2,"White, Mr. John",male,31.9,1,0,65114,19.0119,,C
529,1,1,"Thomas, Mrs. Ethel",female,62.3,3,0,365884,134.2377,,C
530,0,3,"Miller, Mr. Edward",male,51.8,0,0,216422,6.6145,G56,S
531,0,3,"Harris, Mr. Robert",male,32.7,4,0,723161,4.6389,,S
532,1,3,"Thomas, Dr. George",male,31.0,0,0,810322,10.0793,,S
533,0,3,"Miller, Dr. Robert",male,3.4,1,0,131284,13.4749,,C
534,1,3,"White, Dr. Ethel",female,18.5,0,0,324626,12.7466,,S
535,0,3,"Thomas, Miss. Florence",female,15.5,0,0,204469,9.8056,,S
536,0,3,"Anderson, Mr. Thomas",male,17.5,0,0,929244,8.5759,,C
537,0,3,"Harris, Lady. Clara",female,23.0,0,0,957625,5.2096,A130,S
538,0,2,"Jackson, Rev. Charles",male,23.9,0,0,152290,25.6899,C132,C
539,0,3,"Smith, Lady. Alice",female,1.2,0,0,343735,12.2433,,S
540,0,1,"Jones, Rev. Robert",male,48.5,0,1,622529,33.2269,,Q
541,0,3,"Anderson, Col. Arthur",male,12.1,1,0,831154,9.7986,,S
542,0,3,"Davis, Mr. Charles",male,27.9,0,0,845863,11.3182,,S
543,1,1,"Williams, Mrs. Sarah",female,67.0,0,0,192615,136.6578,,S
544,0,3,"Williams, Mr. Henry",male,,0,0,314144,7.8657,,C
545,1,3,"Jones, Mr. George",male,0.5,0,0,868407,5.3186,B55,S
546,0,2,"Taylor, Mr. Robert",male,26.3,1,0,565209,14.8671,F134,S
547,1,1,"Miller, Dr. Margaret",female,53.4,1,0,895697,36.413,,S
548,0,3,"Davis, Mr. Henry",male,48.5,0,0,360891,7.9603,,S
549,1,3,"White, Dr. Margaret",female,10.2,0,0,171686,7.2179,,S
550,0,3,"Brown, Mrs. Florence",female,,1,0,726549,23.8675,,C
551,0,3,"Brown, Mr. John",male,19.4,0,0,551889,12.7731,A13,S
552,1,3,"Brown, Mrs. Margaret",female,23.7,1,0,627620,13.2603,,S
553,0,3,"Taylor, Mr. Robert",male,56.7,0,2,395398,10.3364,,S
554,0,3,"Taylor, Mrs. Edith",female,7.0,1,0,736903,6.796,,S
555,1,3,"Thomas, Dr. Edward",male,28.0,0,0,948018,7.1157,,S
556,0,2,"Miller, Dr. Ethel",female,,0,2,470828,16.8854,F87,S
557,1,1,"Harris, Dr. Margaret",female,53.2,3,0,391148,84.0795,,S
558,1,1,"Jones, Dr. Margaret",female,39.4,0,0,769860,96.7779,F60,S
559,1,3,"Harris, Lady. Elizabeth",female,,0,1,943796,8.1691,,Q
560,0,3,"Davis, Rev. Edward",male,20.3,0,1,959014,7.0618,,S
561,0,3,"Jones, Col. Henry",male,28.2,0,0,300144,6.0675,,S
562,1,1,"Wilson, Mrs. Annie",female,33.2,0,0,140439,,,C
563,1,1,"Smith, Mr. Joseph",male,46.7,0,0,249691,180.9762,,C
564,1,1,"Williams, Dr. James",male,,0,2,129277,345.1126,,S
565,1,2,"Brown, Mrs. Edith",female,,0,0,302527,29.363,E8,S
566,0,3,"Johnson, Lady. Elizabeth",female,24.6,1,0,152857,4.3513,,C
567,0,2,"White, Miss. Elizabeth",female,44.6,0,1,575198,24.8985,,S
568,0,2,"Thomas, Dr. Thomas",male,29.3,0,0,704388,27.3717,,S
569,0,3,"Thomas, Dr. Helen",female,3.7,0,0,690215,6.6744,,S
570,0,2,"Miller, Mr. James",male,46.4,0,0,820713,22.0999,F87,S
571,0,3,"Miller, Mrs. Margaret",female,14.1,0,0,385982,6.5003,,S
572,0,3,"Smith, Mr. Joseph",male,17.2,0,1,539129,17.5397,F133,C
573,1,2,"Wilson, Miss. Ethel",female,22.3,0,0,107204,21.0342,D84,S
574,0,3,"Jackson, Miss. Clara",female,41.5,0,1,70155,5.1625,,S
575,0,3,"Williams, Mr. John",male,,0,0,954422,11.4147,,S
576,1,3,"Harris, Mrs. Helen",female,62.7,0,0,328457,13.8653,,S
577,0,1,"Johnson, Col. Robert",male,52.8,0,2,527953,84.6641,,C
578,1,3,"Davis, Mrs. Mary",female,27.7,0,0,793877,10.3783,E68,S
579,0,3,"Anderson, Dr. Elizabeth",female,24.3,0,0,795428,7.8863,,Q
580,0,2,"Williams, Mr. Thomas",male,33.7,0,0,908120,11.5454,,S
581,1,3,"Jackson, Mrs. Helen",female,31.3,1,1,528985,7.5695,,S
582,1,3,"Harris, Mrs. Edith",female,,0,0,158515,10.6071,,C
583,0,3,"Williams, Mr. Frederick",male,,0,0,435466,7.6598,G123,S
584,0,2,"Williams, Mr. Frederick",male,31.2,0,0,142994,25.0358,,S
585,0,3,"Brown, Mrs. Edith",female,,0,0,828408,6.7121,,S
586,1,1,"Williams, Mrs. Sarah",female,35.9,0,1,677351,58.6382,,S
587,1,1,"Brown, Miss. Florence",female,35.3,0,0,114405,131.8657,,C
588,1,1,"White, Lady. Elizabeth",female,53.9,1,0,588032,86.0817,,Q
589,0,1,"White, Dr. Robert",male,46.3,0,0,950237,55.2459,,S
590,1,1,"Harris, Mrs. Elizabeth",female,0.5,3,0,536761,151.9671,,S
591,1,1,"Wilson, Mr. Henry",male,47.2,0,2,673468,45.5079,,S
592,0,3,"Taylor, Mr. James",male,27.3,0,0,563003,5.6776,,S
593,1,1,"Johnson, Mr. Robert",male,,0,4,254826,10.1694,,C
594,0,2,"Taylor, Mr. Charles",male,24.9,0,0,263856,14.562,,C
595,0,3,"Taylor, Mr. Joseph",male,38.5,0,0,773707,15.711,,S
596,0,3,"Brown, Mr. Charles",male,36.4,0,1,529637,2.8975,,S
597,0,3,"Miller, Mrs. Annie",female,15.7,0,0,786796,5.0735,,S
598,1,1,"Taylor, Mr. Thomas",male,,2,0,435426,100.218,,S
599,0,1,"Wilson, Dr. Charles",male,24.4,1,3,833749,15.3113,,C
600,0,1,"White, Mr. Thomas",male,18.7,0,0,337660,51.5479,,S
601,1,1,"Thomas, Dr. Charles",male,29.2,0,0,698722,163.7931,,C
602,0,2,"Wilson, Mr. Alfred",male,41.2,0,0,64604,41.1494,,S
603,1,1,"Williams, Mr. John",male,51.3,0,0,518410,90.3032,,C
604,0,1,"Johnson, Mr. Alfred",male,,0,0,14889,38.5314,,S
605,1,1,"Jackson, Mrs. Dorothy",female,48.2,0,0,754917,37.6341,,S
606,0,3,"Harris, Col. Alfred",male,,0,0,870180,8.7798,,S
607,1,1,"Harris, Rev. John",male,29.0,0,1,828403,89.7183,,C
608,0,2,"Jackson, Dr. John",male,35.6,5,0,584839,38.2128,,S
609,0,3,"Smith, Mrs. Annie",female,34.6,1,0,668561,13.2686,B117,S
610,0,3,"Davis, Mr. William",male,34.1,3,0,247230,8.5169,,S
611,1,1,"Miller, Mr. James",male,,0,0,246139,58.2856,,S
612,0,3,"Brown, Dr. William",male,33.5,0,0,643245,36.8684,,S
613,0,3,"Davis, Mr. George",male,,0,1,99882,11.1707,,Q
614,0,1,"Wilson, Mr. Joseph",male,53.0,0,0,310102,46.1489,,S
615,0,3,"Davis, Mr. Frederick",male,24.7,0,1,744611,7.2986,,S
616,0,3,"Miller, Mr. Thomas",male,14.4,0,2,277825,5.266,,S
617,0,1,"Brown, Dr. Robert",male,35.7,0,0,111982,13.692,,S
618,0,2,"Jones, Rev. Robert",male,,0,0,56870,20.5952,E58,S
619,1,3,"Thomas, Mrs. Ethel",female,,0,0,924828,19.9101,,S
620,1,3,"Smith, Mrs. Rose",female,,0,0,223328,3.6137,,S
621,1,1,"Thomas, Mrs. Margaret",female,26.9,0,1,863635,76.6066,,S
622,1,1,"Williams, Mrs. Rose",female,33.7,0,2,169224,44.9327,,C
623,0,2,"Thomas, Col. Arthur",male,5.4,0,0,584349,22.3897,F17,S
624,0,3,"Harris, Mr. Alfred",male,27.6,0,0,198691,7.492,,Q
625,0,3,"Brown, Mr. Edward",male,25.0,3,2,592523,4.137,,S
626,0,2,"Thomas, Mr. Edward",male,19.4,0,2,834322,12.2749,,S
627,1,3,"Smith, Mrs. Sarah",female,32.9,1,0,624361,5.3916,,S
628,0,3,"Anderson, Mr. Thomas",male,36.3,0,0,857833,15.9931,,S
629,0,1,"Brown, Mrs. Elizabeth",female,15.5,0,0,545505,182.2322,A57,
630,0,2,"White, Mr. John",male,,0,2,320495,16.046,,C
631,1,3,"Brown, Mrs. Alice",female,15.8,0,0,830173,15.088,F6,S
632,0,3,"Harris, Rev. Arthur",male,13.7,0,0,423870,7.4888,F138,S
633,0,3,"Johnson, Rev. Robert",male,35.0,1,0,202386,6.9356,,S
634,0,3,"Davis, Mr. Henry",male,,0,0,273552,8.4027,G68,S
635,0,1,"Miller, Col. Robert",male,34.3,0,0,531817,89.9611,,S
636,0,2,"Miller, Mr. James",male,3.9,0,6,577191,14.5534,,C
637,0,3,"Smith, Mr. William",male,,2,0,749568,8.2559,,Q
638,1,1,"Wilson, Mrs. Clara",female,20.7,0,0,117042,127.8843,,Q
639,0,2,"Brown, Mr. Arthur",male,30.8,0,0,778013,19.1407,,C
640,1,2,"Harris, Mr. Alfred",male,,0,0,666578,18.4878,E26,S
641,0,1,"Miller, Rev. George",male,,1,0,191644,104.1598,,S
642,1,2,"Jones, Mrs. Ethel",female,13.0,5,0,986302,23.7286,,S
643,0,1,"Anderson, Rev. Frederick",male,0.5,0,0,504897,70.5392,,S
644,1,2,"Wilson, Mr. Joseph",male,32.4,1,0,394333,15.0342,,S
645,1,1,"Anderson, Mr. Arthur",male,63.2,1,0,643556,84.1367,,C
646,1,3,"Jones, Rev. Edward",male,,0,0,564393,3.6804,,C
647,1,3,"Williams, Mrs. Alice",female,27.5,0,2,79634,7.351,,Q
648,0,3,"Taylor, Col. Joseph",male,19.1,0,2,389570,2.3732,,C
649,0,3,"Taylor, Mr. George",male,,4,0,992567,3.5328,F8,
650,0,3,"Wilson, Mrs. Dorothy",female,13.3,0,0,148691,3.2769,,S
651,0,1,"Williams, Col. Thomas",male,44.7,1,2,415155,153.4149,,C
652,0,3,"Thomas, Mr. Henry",male,31.1,0,0,28226,8.2235,,S
653,0,3,"Jackson, Mr. Edward",male,,1,1,35322,4.3448,,S
654,1,3,"Williams, Mrs. Clara",female,58.1,0,2,913936,10.4388,,Q
655,0,2,"Thomas, Col. Robert",male,35.1,0,0,854647,26.9899,,C
656,1,1,"Harris, Mrs. Margaret",female,30.9,1,0,944382,105.2081,,S
657,0,2,"Taylor, Mr. John",male,,1,2,934064,16.8528,B48,S
658,0,2,"Anderson, Dr. George",male,7.0,1,0,965782,19.9453,,S
659,0,3,"Johnson, Mr. Henry",male,16.7,0,0,701572,12.8167,,S
660,0,3,"Anderson, Dr. Dorothy",female,20.1,1,0,104835,6.4584,,Q
661,0,2,"Harris, Mr. Charles",male,23.2,0,0,265027,18.3926,,S
662,1,3,"Anderson, Dr. Helen",female,26.8,0,0,83079,7.1807,B96,S
663,1,3,"Johnson, Mrs. Dorothy",female,15.1,0,0,33946,3.6448,,S
664,0,1,"Smith, Mr. George",male,53.7,0,6,697100,139.9937,,S
665,0,1,"Jones, Dr. William",male,38.0,0,0,907165,311.0925,,S
666,1,1,"Brown, Mr. John",male,37.9,8,0,17253,39.9786,E80,Q
667,0,2,"Smith, Rev. Edward",male,25.7,0,0,89311,26.7109,,S
668,1,1,"Williams, Mrs. Dorothy",female,40.2,0,0,829245,40.8785,,S
669,1,1,"Davis, Mrs. Mary",female,49.6,0,0,991835,80.8788,,S
670,0,2,"Anderson, Mr. Frederick",male,18.7,0,2,955136,33.2218,,S
671,1,1,"Miller, Dr. Alfred",male,,0,1,320509,51.1976,,C
672,1,3,"Harris, Lady. Sarah",female,21.4,3,0,601881,8.1064,,S
673,0,1,"Brown, Mr. Alfred",male,19.2,1,0,960935,20.8833,C86,C
674,1,3,"Miller, Mrs. Rose",female,15.2,1,0,964940,5.8585,,S
675,0,2,"Brown, Col. Robert",male,23.8,5,0,159485,8.4781,B12,S
676,0,3,"Wilson, Miss. Helen",female,35.5,0,0,236833,10.1208,,S
677,1,1,"Davis, Mr. John",male,41.7,0,0,572773,131.9135,,S
678,0,2,"Jackson, Dr. Edward",male,32.5,0,5,209304,16.6323,,C
679,0,3,"Miller, Col. James",male,35.2,0,0,907936,9.421,,S
680,0,3,"Smith, Mr. Joseph",male,23.4,0,0,812533,6.9388,,S
681,0,3,"White, Mr. Frederick",male,29.7,0,1,543119,11.8257,,S
682,1,2,"Johnson, Mrs. Alice",female,28.7,0,0,487799,19.1401,,S
683,1,1,"Harris, Mrs. Clara",female,,0,0,324041,18.3575,,Q
684,0,3,"Davis, Dr. James",male,,0,0,15004,13.0657,,S
685,0,3,"Wilson, Mr. John",male,0.5,0,0,318068,6.7209,,S
686,0,3,"Smith, Mr. Charles",male,,0,1,424725,4.3267,C21,Q
687,0,3,"White, Rev. Henry",male,42.1,0,0,47170,6.557,,S
688,0,2,"Johnson, Mr. Thomas",male,42.0,0,1,577843,8.4924,,S
689,0,3,"Jones, Dr. Edward",male,36.6,1,0,417878,4.3713,,S
690,0,1,"Miller, Mr. Charles",male,55.3,0,0,128115,81.4561,,S
691,0,2,"Smith, Dr. Arthur",male,31.2,0,1,900648,19.8993,E116,C
692,0,2,"Jackson, Mr. George",male,32.6,1,0,862362,20.5441,,S
693,0,3,"Anderson, Mr. John",male,17.6,0,0,188475,8.1793,,S
694,1,1,"Johnson, Mrs. Annie",female,33.6,0,0,308509,45.3765,D120,Q
695,1,1,"Taylor, Col. William",male,,1,0,334332,70.9431,,S
696,1,3,"Thomas, Mrs. Helen",female,39.4,0,0,741420,6.5627,,S
697,0,2,"White, Col. William",male,,1,0,370777,9.4848,,S
698,0,3,"Taylor, Dr. Joseph",male,19.6,1,0,954177,5.55,,C
699,1,1,"Miller, Mrs. Dorothy",female,38.0,0,0,73471,137.3701,,S
700,1,3,"Wilson, Mrs. Alice",female,,0,2,420372,18.0681,E65,S
701,0,3,"Williams, Mrs. Elizabeth",female,7.7,0,0,591575,11.3094,,S
702,0,1,"Wilson, Mr. Charles",male,5.9,0,1,404861,217.15,,S
703,0,2,"Davis, Mr. Frederick",male,22.8,0,0,331220,18.8056,,C
704,1,1,"White, Lady. Sarah",female,20.9,0,0,497801,249.551,,S
705,1,1,"Williams, Mr. William",male,30.9,0,1,650763,310.487,G112,S
706,0,3,"Jones, Rev. Joseph",male,,0,0,60151,3.4324,,S
707,0,2,"Brown, Rev. William",male,24.1,0,0,601672,19.8578,,S
708,1,3,"Wilson, Rev. George",male,42.4,0,0,372009,8.5268,,C
709,1,2,"Taylor, Lady. Dorothy",female,34.2,0,0,567829,15.3384,G108,S
710,1,3,"White, Mr. William",male,,1,0,82847,10.4433,,C
711,0,3,"Williams, Mr. Arthur",male,32.5,0,0,752459,8.3358,,S
712,0,3,"Johnson, Mr. Robert",male,11.3,0,1,221811,5.6535,,S
713,0,3,"Anderson, Mr. Arthur",male,37.5,2,0,847387,8.0583,A11,S
714,1,2,"Williams, Dr. George",male,,0,2,936794,29.4248,,S
715,0,2,"Taylor, Mr. Alfred",male,38.7,0,2,503570,19.5508,,S
716,0,3,"Wilson, Mr. Frederick",male,12.1,0,0,986446,11.1727,,C
717,1,3,"White, Dr. Ethel",female,6.4,0,0,748027,7.1098,A68,S
718,1,3,"Brown, Dr. Joseph",male,34.8,0,2,433359,10.2372,,S
719,1,1,"Williams, Dr. Alfred",male,43.3,0,2,952013,31.6124,,C
720,1,3,"Williams, Dr. Sarah",female,14.2,0,0,359924,6.3607,,C
721,1,3,"Harris, Dr. Rose",female,,1,0,702101,7.7575,A48,S
722,0,1,"Taylor, Mr. Henry",male,53.8,0,0,430114,30.1615,,S
723,0,1,"Anderson, Rev. Alfred",male,21.3,0,0,527649,41.2169,,S
724,0,3,"Smith, Rev. Henry",male,44.7,1,0,109919,9.5501,,C
725,1,3,"Wilson, Mrs. Elizabeth",female,14.2,0,0,384998,8.7139,,C
726,1,3,"Anderson, Lady. Margaret",female,,1,0,226746,12.2213,B21,C
727,1,1,"Miller, Mrs. Edith",female,33.4,0,0,204020,48.4069,,C
728,0,3,"Johnson, Mr. Thomas",male,32.2,1,0,596056,8.4048,,S
729,1,1,"Wilson, Mrs. Clara",female,,0,0,53262,46.0484,,C
730,0,1,"Anderson, Rev. Charles",male,35.7,1,0,408722,120.8186,,S
731,1,1,"Jackson, Mr. Charles",male,38.6,1,0,554893,169.6135,,S
732,0,3,"Davis, Mr. Thomas",male,,0,0,612878,10.3985,,S
733,0,3,"Taylor, Mrs. Elizabeth",female,33.9,0,0,300375,13.8821,,Q
734,1,3,"Miller, Col. William",male,18.8,0,0,613685,8.3,,C
735,0,2,"Taylor, Dr. Dorothy",female,27.0,0,2,87123,25.0842,,S
736,0,3,"Thomas, Mr. George",male,13.1,0,0,809947,8.48,,C
737,0,2,"Williams, Col. John",male,0.5,0,0,359355,12.0616,,C
738,1,3,"Thomas, Col. Thomas",male,22.7,0,0,441838,9.2383,,S
739,0,2,"Johnson, Dr. Frederick",male,61.4,0,3,813032,12.2054,E49,S
740,1,2,"Smith, Mrs. Annie",female,,0,0,168964,46.3236,,S
741,1,3,"Harris, Mr. Charles",male,24.8,0,0,865742,6.9099,,S
742,1,2,"Anderson, Lady. Margaret",female,26.6,0,0,949305,23.5239,,S
743,0,3,"Harris, Miss. Edith",female,25.3,0,0,178767,8.1156,F40,S
744,0,3,"Williams, Mrs. Alice",female,31.6,0,0,956357,4.407,,Q
745,0,1,"Wilson, Col. James",male,21.5,0,0,669789,19.5121,,S
746,1,3,"Jackson, Mr. Charles",male,38.4,0,0,669966,11.8759,,C
747,0,2,"Anderson, Mr. Robert",male,39.3,0,0,407694,33.7755,,S
748,0,3,"Thomas, Lady. Helen",female,,0,0,648668,5.6553,,S
749,0,3,"Taylor, Lady. Helen",female,,1,0,487032,3.5667,,S
750,0,3,"Taylor, Mr. William",male,25.2,0,1,705494,6.9408,,S
751,1,1,"Davis, Lady. Alice",female,47.4,0,0,473179,38.2452,,C
752,0,3,"Wilson, Mr. Robert",male,32.1,0,1,908212,5.8993,,S
753,0,3,"Miller, Col. Robert",male,20.8,1,0,998401,11.0805,,S
754,0,2,"Anderson, Mr. Edward",male,22.5,2,0,166547,17.811,,S
755,1,1,"Brown, Dr. Sarah",female,39.4,0,0,862609,41.2374,,Q
756,0,3,"Smith, Mr. Joseph",male,43.6,0,2,687090,10.96,,S
757,1,3,"Brown, Dr. Edith",female,,1,0,162185,11.398,,S
758,0,3,"Jones, Mrs. Rose",female,,0,0,685371,6.8997,E3,S
759,1,3,"Johnson, Mrs. Florence",female,27.0,0,0,65746,8.7492,,C
760,0,3,"White, Dr. Alfred",male,25.6,0,0,919507,10.5936,,S
761,0,1,"Miller, Mr. James",male,40.4,0,0,708213,99.3126,,S
762,0,2,"Miller, Mr. Thomas",male,,2,0,881627,18.4718,,S
763,0,2,"Taylor, Dr. Joseph",male,,8,0,833250,32.2344,,S
764,1,3,"Miller, Dr. Alfred",male,42.9,1,0,178393,10.9281,,S
765,1,1,"Brown, Mrs. Sarah",female,15.6,0,0,293453,53.7597,,S
766,1,3,"Davis, Dr. John",male,,1,0,946192,6.5382,,S
767,1,3,"White, Mr. Charles",male,23.8,0,0,300320,6.1778,A47,S
768,0,3,"Smith, Dr. James",male,,0,0,603167,11.2016,,C
769,0,2,"Wilson, Rev. John",male,27.7,1,0,601880,14.1668,,S
770,0,3,"Smith, Dr. William",male,44.9,0,0,356872,6.6032,A126,Q
771,1,1,"Anderson, Mr. John",male,,0,2,230084,154.5651,,Q
772,0,3,"Miller, Mrs. Dorothy",female,27.8,0,2,936920,8.9873,F67,S
773,0,1,"Davis, Rev. Joseph",male,20.4,1,1,967498,170.5405,,C
774,0,2,"White, Mrs. Clara",female,22.0,0,0,731782,25.0087,,C
775,0,3,"White, Mrs. Edith",female,20.5,0,0,805016,4.5343,D142,C
776,0,1,"Smith, Mr. Arthur",male,,0,0,658843,68.6147,F131,S
777,1,1,"White, Mrs. Dorothy",female,55.9,1,0,365446,147.3726,,S
778,0,3,"Williams, Mr. Frederick",male,31.7,1,0,918840,4.4323,,S
779,0,3,"Thomas, Lady. Alice",female,11.7,0,1,553118,10.073,,C
780,1,3,"Williams, Rev. John",male,28.0,0,1,226897,8.0075,C69,S
781,1,3,"Harris, Dr. Margaret",female,31.0,0,1,786522,3.396,,S
782,1,3,"Jackson, Mrs. Ethel",female,38.7,4,0,873498,8.6697,C32,S
783,1,2,"Thomas, Dr. Sarah",female,,0,0,800023,13.0008,,S
784,1,2,"Miller, Mrs. Helen",female,,2,0,103878,11.3923,,S
785,0,1,"Jones, Mr. Thomas",male,26.6,0,0,135407,74.1729,,S
786,0,3,"Miller, Mr. Henry",male,9.9,1,0,651157,3.1098,,S
787,0,3,"Taylor, Dr. Arthur",male,22.2,1,0,267716,5.8291,D99,Q
788,0,2,"Wilson, Col. James",male,36.1,1,0,817827,50.4241,,S
789,1,3,"Harris, Dr. Dorothy",female,36.8,4,0,981686,11.3035,,C
790,0,3,"Taylor, Mr. James",male,,0,0,26738,5.2556,C147,S
791,1,1,"Wilson, Dr. Ethel",female,33.5,0,1,143703,196.9434,,S
792,0,3,"Wilson, Mr. William",male,26.8,0,0,683265,4.9728,,C
793,0,3,"Jackson, Mrs. Margaret",female,15.0,1,1,553344,6.1913,,C
794,1,3,"Harris, Col. Charles",male,50.1,0,0,775034,4.5978,,S
795,1,1,"Davis, Mrs. Annie",female,15.5,0,0,520241,88.169,,Q
796,1,3,"White, Lady. Rose",female,27.2,0,0,393800,16.1887,,C
797,0,3,"Miller, Rev. Thomas",male,49.3,0,0,649604,4.9555,,Q
798,0,3,"White, Mr. Charles",male,25.1,0,4,700807,2.9147,,S
799,0,3,"Davis, Mrs. Sarah",female,22.7,0,0,588706,14.0903,,S
800,0,3,"White, Col. Frederick",male,20.7,1,0,833622,17.7591,F20,S
801,0,3,"Jackson, Mr. William",male,22.8,0,0,36014,3.0116,,S
802,1,1,"Harris, Mr. Charles",male,57.2,0,2,738359,101.7011,,S
803,1,3,"Williams, Rev. John",male,0.5,0,0,773277,9.1454,,C
804,0,3,"Miller, Dr. George",male,43.4,0,0,191350,5.5083,,S
805,0,2,"Anderson, Mr. Joseph",male,,1,0,921995,10.4047,,S
806,1,3,"Brown, Mr. Charles",male,21.8,1,0,798212,13.4083,,S
807,1,3,"Brown, Rev. John",male,19.8,0,0,494859,8.9311,,C
808,1,3,"Miller, Dr. Margaret",female,32.1,1,0,724618,9.274,,S
809,1,3,"Johnson, Dr. Thomas",male,5.8,1,0,500339,5.9842,D125,C
810,1,1,"Johnson, Dr. Rose",female,44.5,1,1,52192,42.0418,,S
811,0,3,"Taylor, Mr. Edward",male,49.3,0,0,986804,2.3929,,C
812,0,3,"Taylor, Rev. Charles",male,,3,0,901307,7.2862,,Q
813,0,1,"Johnson, Mr. James",male,40.7,0,0,371273,201.7801,,S
814,0,3,"Johnson, Mr. George",male,17.1,0,0,53923,5.2324,,Q
815,0,3,"Harris, Mr. William",male,30.1,0,0,623484,3.8144,,S
816,0,3,"Anderson, Mr. Edward",male,25.2,0,0,536683,10.1536,,S
817,0,3,"Jackson, Col. Joseph",male,17.3,0,0,374593,11.1344,,S
818,0,2,"Davis, Col. Thomas",male,,0,0,393891,14.3771,,S
819,1,1,"Wilson, Mrs. Alice",female,63.3,0,0,762744,57.7351,,C
820,0,2,"Wilson, Mr. Arthur",male,27.5,1,0,418995,20.1975,,S
821,0,3,"Williams, Mr. John",male,,1,0,605316,7.5551,F116,S
822,0,1,"Jones, Mrs. Annie",female,,0,0,957226,148.4266,,S
823,0,2,"Wilson, Mr. James",male,,1,0,410327,48.1777,,S
824,0,2,"Johnson, Col. James",male,36.1,1,2,776751,9.1736,,S
825,1,3,"Jones, Miss. Helen",female,,1,1,675344,15.1028,,C
826,0,3,"Johnson, Mr. Edward",male,29.3,0,0,889608,8.6075,C11,S
827,1,2,"Davis, Mrs. Margaret",female,25.9,1,0,737688,31.6672,,S
828,1,2,"Smith, Lady. Margaret",female,30.0,2,1,265315,24.2822,B14,S
829,0,3,"Williams, Mr. Henry",male,10.0,1,1,299068,8.4197,,S
830,0,3,"Brown, Dr. Frederick",male,32.3,0,1,455919,11.9414,,S
831,1,1,"Smith, Mr. James",male,50.4,0,0,304721,55.9294,,C
832,0,3,"Anderson, Mr. John",male,19.6,0,0,148783,5.5447,,S
833,1,1,"Johnson, Col. Arthur",male,31.4,0,1,619836,130.0091,,S
834,1,1,"Thomas, Mrs. Rose",female,41.7,0,0,267288,40.8118,D48,S
835,0,3,"Wilson, Mr. Robert",male,19.8,0,0,503085,11.2592,,S
836,0,2,"Jackson, Mr. Henry",male,29.1,1,0,505187,18.3991,,S
837,1,3,"Williams, Miss. Annie",female,50.2,1,0,659381,2.5479,,S
838,1,2,"Williams, Mrs. Rose",female,,0,0,245835,14.4435,,S
839,0,3,"Jones, Dr. Edward",male,,3,0,931600,9.6545,F121,C
840,0,3,"Jones, Mr. Henry",male,17.2,0,0,862987,6.6659,A36,S
841,0,1,"Smith, Mr. Robert",male,48.4,0,0,361992,12.3949,,S
842,0,3,"Thomas, Mr. William",male,22.8,1,0,216084,15.8058,,S
843,0,1,"Davis, Col. Alfred",male,28.9,1,0,804686,82.9769,,S
844,0,3,"Davis, Col. Arthur",male,40.9,2,0,397554,10.1947,,C
845,1,1,"Harris, Mrs. Florence",female,57.9,0,0,763315,52.916,E21,S
846,0,2,"Anderson, Mr. Charles",male,22.2,1,1,480336,22.4793,,S
847,0,1,"Thomas, Rev. George",male,11.9,0,0,933469,266.2336,,S
848,0,3,"Williams, Col. William",male,37.1,1,0,218072,5.6546,,C
849,0,3,"Smith, Rev. Henry",male,16.8,1,0,258029,18.7934,,S
850,1,3,"Jones, Miss. Mary",female,,0,1,219047,9.967,,S
851,1,1,"Wilson, Mrs. Clara",female,,0,0,985491,40.1008,,S
852,1,3,"Anderson, Mrs. Edith",female,35.7,1,0,375169,24.685,,S
853,0,1,"Anderson, Mr. Thomas",male,21.0,0,0,140509,96.9454,E27,S
854,0,3,"Brown, Mr. Alfred",male,33.8,0,0,772072,11.4529,,S
855,0,1,"White, Mr. William",male,,1,1,305107,61.0354,,Q
856,1,1,"Johnson, Mr. George",male,24.6,0,1,537561,42.2064,,S
857,0,1,"Johnson, Mr. John",male,32.3,1,0,549618,82.8863,,S
858,1,3,"Anderson, Mrs. Mary",female,33.2,0,0,162566,18.0065,,C
859,0,3,"Williams, Mr. Henry",male,26.3,0,0,610710,6.9948,G107,S
860,1,1,"Smith, Dr. Thomas",male,46.2,1,0,918521,72.3325,,Q
861,0,3,"Taylor, Mr. George",male,48.7,0,0,13212,16.9144,,S
862,0,3,"Williams, Dr. John",male,6.2,0,0,242131,7.0275,,S
863,0,3,"Anderson, Col. Alfred",male,,1,0,486657,10.5396,,S
864,1,2,"White, Lady. Helen",female,,0,0,621882,25.8146,E63,S
865,1,2,"Davis, Mrs. Edith",female,18.3,0,2,142152,16.7985,,S
866,0,3,"Anderson, Mrs. Dorothy",female,9.0,0,0,304819,9.5345,,C
867,1,1,"Brown, Dr. Charles",male,35.4,1,1,32007,117.07,,Q
868,0,1,"Wilson, Mr. Frederick",male,50.9,1,0,648093,55.6654,,S
869,0,3,"Wilson, Mr. Charles",male,23.5,1,0,354785,12.2789,B5,S
870,0,3,"Miller, Mr. Edward",male,43.1,0,0,630103,6.2121,,S
871,1,2,"Jones, Mrs. Annie",female,11.1,1,0,843247,13.8733,,C
872,0,2,"Davis, Rev. Thomas",male,29.8,0,0,879914,9.8669,F115,S
873,0,3,"Davis, Mr. Edward",male,10.0,1,0,797071,6.3488,,S
874,0,2,"Anderson, Rev. George",male,34.7,0,6,335737,13.1156,,S
875,1,1,"Brown, Rev. Robert",male,50.4,1,0,522164,55.667,G47,S
876,1,1,"Harris, Miss. Florence",female,32.1,1,0,88038,113.1139,,Q
877,0,3,"Smith, Dr. James",male,,0,2,366043,3.4458,,S
878,0,3,"Thomas, Col. Joseph",male,27.4,0,0,800168,3.0425,,S
879,1,1,"Thomas, Mr. Edward",male,44.1,1,0,787794,43.6256,,S
880,1,1,"Jackson, Dr. Robert",male,,0,0,26473,101.7849,,S
881,0,1,"Jones, Mrs. Margaret",female,55.3,3,1,663059,90.2159,,S
882,1,3,"Harris, Mrs. Mary",female,12.1,0,2,135801,5.5704,B70,S
883,0,1,"Miller, Mrs. Annie",female,,0,2,961523,167.0989,,S
884,1,1,"Davis, Miss. Helen",female,54.7,0,0,904030,46.4842,,S
885,0,3,"Brown, Mr. Frederick",male,3.7,0,1,620911,10.2906,,S
886,1,1,"White, Dr. Annie",female,,2,0,518252,57.1712,C100,S
887,0,3,"Jackson, Mr. Alfred",male,18.9,0,0,235097,5.2889,A144,C
888,0,1,"Davis, Dr. Edward",male,36.9,1,0,308964,48.2528,,S
889,1,1,"Smith, Miss. Elizabeth",female,,0,0,225933,123.1989,,S
890,0,2,"Miller, Col. James",male,23.7,0,3,329733,20.9976,,S
891,1,3,"Brown, Lady. Elizabeth",female,16.9,0,2,731167,13.2507,B53,S
